,AESL_inst_MPSQ,,module_status1.csv
,grp_solveNextColumn_fu_437,,module_status2.csv
grp_solveNextColumn_fu_437,grp_solveNextPatchPair_fu_196,,module_status3.csv
grp_solveNextColumn_fu_437.grp_solveNextPatchPair_fu_196,grp_makeThirdPatch_fu_438,,module_status4.csv
grp_solveNextColumn_fu_437.grp_solveNextPatchPair_fu_196.grp_makeThirdPatch_fu_438,grp_makePatch_alignedToLine_fu_466,,module_status5.csv
grp_solveNextColumn_fu_437.grp_solveNextPatchPair_fu_196.grp_makeThirdPatch_fu_438.grp_makePatch_alignedToLine_fu_466,grp_wedgePatch_init_fu_398,,module_status6.csv
grp_solveNextColumn_fu_437.grp_solveNextPatchPair_fu_196.grp_makeThirdPatch_fu_438.grp_makePatch_alignedToLine_fu_466.grp_wedgePatch_init_fu_398,grp_getParallelogramsAndAcceptanceCorners_fu_200,,module_status7.csv
grp_solveNextColumn_fu_437.grp_solveNextPatchPair_fu_196.grp_makeThirdPatch_fu_438.grp_makePatch_alignedToLine_fu_466.grp_wedgePatch_init_fu_398.grp_getParallelogramsAndAcceptanceCorners_fu_200,grp_straightLineProjectorFromLayerIJtoK_fu_444,,module_status8.csv
grp_solveNextColumn_fu_437.grp_solveNextPatchPair_fu_196.grp_makeThirdPatch_fu_438.grp_makePatch_alignedToLine_fu_466.grp_wedgePatch_init_fu_398.grp_getParallelogramsAndAcceptanceCorners_fu_200,grp_straightLineProjectorFromLayerIJtoK_fu_457,,module_status9.csv
grp_solveNextColumn_fu_437.grp_solveNextPatchPair_fu_196.grp_makeThirdPatch_fu_438.grp_makePatch_alignedToLine_fu_466.grp_wedgePatch_init_fu_398.grp_getParallelogramsAndAcceptanceCorners_fu_200,grp_straightLineProjectorFromLayerIJtoK_fu_470,,module_status10.csv
grp_solveNextColumn_fu_437.grp_solveNextPatchPair_fu_196.grp_makeThirdPatch_fu_438.grp_makePatch_alignedToLine_fu_466.grp_wedgePatch_init_fu_398.grp_getParallelogramsAndAcceptanceCorners_fu_200,grp_straightLineProjectorFromLayerIJtoK_fu_483,,module_status11.csv
grp_solveNextColumn_fu_437.grp_solveNextPatchPair_fu_196.grp_makeThirdPatch_fu_438.grp_makePatch_alignedToLine_fu_466,grp_makeSuperPoint_alignedToLine11_fu_407,,module_status12.csv
grp_solveNextColumn_fu_437.grp_solveNextPatchPair_fu_196.grp_makeThirdPatch_fu_438.grp_makePatch_alignedToLine_fu_466.grp_makeSuperPoint_alignedToLine11_fu_407,grp_mSP_findLRBounds_fu_261,,module_status13.csv
grp_solveNextColumn_fu_437.grp_solveNextPatchPair_fu_196.grp_makeThirdPatch_fu_438.grp_makePatch_alignedToLine_fu_466.grp_makeSuperPoint_alignedToLine11_fu_407,grp_mSP_findStartIndex_fu_270,,module_status14.csv
grp_solveNextColumn_fu_437.grp_solveNextPatchPair_fu_196.grp_makeThirdPatch_fu_438.grp_makePatch_alignedToLine_fu_466,grp_add_patch9_fu_426,,module_status15.csv
grp_solveNextColumn_fu_437.grp_solveNextPatchPair_fu_196.grp_makeThirdPatch_fu_438.grp_makePatch_alignedToLine_fu_466.grp_add_patch9_fu_426,grp_add_patch_patches_parameters13_fu_462,,module_status16.csv
grp_solveNextColumn_fu_437.grp_solveNextPatchPair_fu_196.grp_makeThirdPatch_fu_438.grp_makePatch_alignedToLine_fu_466.grp_add_patch9_fu_426,grp_encodeCoordinates_fu_470,,module_status17.csv
grp_solveNextColumn_fu_437.grp_solveNextPatchPair_fu_196.grp_makeThirdPatch_fu_438,grp_getShadows_fu_493,,module_status18.csv
grp_solveNextColumn_fu_437.grp_solveNextPatchPair_fu_196.grp_makeThirdPatch_fu_438.grp_getShadows_fu_493,grp_straightLineProjectorFromLayerIJtoK_fu_260,,module_status19.csv
grp_solveNextColumn_fu_437.grp_solveNextPatchPair_fu_196.grp_makeThirdPatch_fu_438,grp_delete_patch_fu_511,,module_status20.csv
grp_solveNextColumn_fu_437.grp_solveNextPatchPair_fu_196.grp_makeThirdPatch_fu_438.grp_delete_patch_fu_511,grp_delete_patch_patches_parameters_fu_208,,module_status21.csv
grp_solveNextColumn_fu_437.grp_solveNextPatchPair_fu_196,grp_solveComplmentaryPatch_fu_469,,module_status22.csv
grp_solveNextColumn_fu_437.grp_solveNextPatchPair_fu_196.grp_solveComplmentaryPatch_fu_469,grp_makePatch_alignedToLine_fu_647,,module_status23.csv
grp_solveNextColumn_fu_437.grp_solveNextPatchPair_fu_196.grp_solveComplmentaryPatch_fu_469.grp_makePatch_alignedToLine_fu_647,grp_wedgePatch_init_fu_398,,module_status24.csv
grp_solveNextColumn_fu_437.grp_solveNextPatchPair_fu_196.grp_solveComplmentaryPatch_fu_469.grp_makePatch_alignedToLine_fu_647.grp_wedgePatch_init_fu_398,grp_getParallelogramsAndAcceptanceCorners_fu_200,,module_status25.csv
grp_solveNextColumn_fu_437.grp_solveNextPatchPair_fu_196.grp_solveComplmentaryPatch_fu_469.grp_makePatch_alignedToLine_fu_647.grp_wedgePatch_init_fu_398.grp_getParallelogramsAndAcceptanceCorners_fu_200,grp_straightLineProjectorFromLayerIJtoK_fu_444,,module_status26.csv
grp_solveNextColumn_fu_437.grp_solveNextPatchPair_fu_196.grp_solveComplmentaryPatch_fu_469.grp_makePatch_alignedToLine_fu_647.grp_wedgePatch_init_fu_398.grp_getParallelogramsAndAcceptanceCorners_fu_200,grp_straightLineProjectorFromLayerIJtoK_fu_457,,module_status27.csv
grp_solveNextColumn_fu_437.grp_solveNextPatchPair_fu_196.grp_solveComplmentaryPatch_fu_469.grp_makePatch_alignedToLine_fu_647.grp_wedgePatch_init_fu_398.grp_getParallelogramsAndAcceptanceCorners_fu_200,grp_straightLineProjectorFromLayerIJtoK_fu_470,,module_status28.csv
grp_solveNextColumn_fu_437.grp_solveNextPatchPair_fu_196.grp_solveComplmentaryPatch_fu_469.grp_makePatch_alignedToLine_fu_647.grp_wedgePatch_init_fu_398.grp_getParallelogramsAndAcceptanceCorners_fu_200,grp_straightLineProjectorFromLayerIJtoK_fu_483,,module_status29.csv
grp_solveNextColumn_fu_437.grp_solveNextPatchPair_fu_196.grp_solveComplmentaryPatch_fu_469.grp_makePatch_alignedToLine_fu_647,grp_makeSuperPoint_alignedToLine11_fu_407,,module_status30.csv
grp_solveNextColumn_fu_437.grp_solveNextPatchPair_fu_196.grp_solveComplmentaryPatch_fu_469.grp_makePatch_alignedToLine_fu_647.grp_makeSuperPoint_alignedToLine11_fu_407,grp_mSP_findLRBounds_fu_261,,module_status31.csv
grp_solveNextColumn_fu_437.grp_solveNextPatchPair_fu_196.grp_solveComplmentaryPatch_fu_469.grp_makePatch_alignedToLine_fu_647.grp_makeSuperPoint_alignedToLine11_fu_407,grp_mSP_findStartIndex_fu_270,,module_status32.csv
grp_solveNextColumn_fu_437.grp_solveNextPatchPair_fu_196.grp_solveComplmentaryPatch_fu_469.grp_makePatch_alignedToLine_fu_647,grp_add_patch9_fu_426,,module_status33.csv
grp_solveNextColumn_fu_437.grp_solveNextPatchPair_fu_196.grp_solveComplmentaryPatch_fu_469.grp_makePatch_alignedToLine_fu_647.grp_add_patch9_fu_426,grp_add_patch_patches_parameters13_fu_462,,module_status34.csv
grp_solveNextColumn_fu_437.grp_solveNextPatchPair_fu_196.grp_solveComplmentaryPatch_fu_469.grp_makePatch_alignedToLine_fu_647.grp_add_patch9_fu_426,grp_encodeCoordinates_fu_470,,module_status35.csv
grp_solveNextColumn_fu_437.grp_solveNextPatchPair_fu_196.grp_solveComplmentaryPatch_fu_469,grp_delete_patch_fu_674,,module_status36.csv
grp_solveNextColumn_fu_437.grp_solveNextPatchPair_fu_196.grp_solveComplmentaryPatch_fu_469.grp_delete_patch_fu_674,grp_delete_patch_patches_parameters_fu_208,,module_status37.csv
grp_solveNextColumn_fu_437.grp_solveNextPatchPair_fu_196.grp_solveComplmentaryPatch_fu_469,grp_get_index_from_z_fu_701,,module_status38.csv
grp_solveNextColumn_fu_437.grp_solveNextPatchPair_fu_196.grp_solveComplmentaryPatch_fu_469,grp_areWedgeSuperPointsEqual_fu_715,,module_status39.csv
grp_solveNextColumn_fu_437.grp_solveNextPatchPair_fu_196,grp_makePatch_alignedToLine_fu_506,,module_status40.csv
grp_solveNextColumn_fu_437.grp_solveNextPatchPair_fu_196.grp_makePatch_alignedToLine_fu_506,grp_wedgePatch_init_fu_398,,module_status41.csv
grp_solveNextColumn_fu_437.grp_solveNextPatchPair_fu_196.grp_makePatch_alignedToLine_fu_506.grp_wedgePatch_init_fu_398,grp_getParallelogramsAndAcceptanceCorners_fu_200,,module_status42.csv
grp_solveNextColumn_fu_437.grp_solveNextPatchPair_fu_196.grp_makePatch_alignedToLine_fu_506.grp_wedgePatch_init_fu_398.grp_getParallelogramsAndAcceptanceCorners_fu_200,grp_straightLineProjectorFromLayerIJtoK_fu_444,,module_status43.csv
grp_solveNextColumn_fu_437.grp_solveNextPatchPair_fu_196.grp_makePatch_alignedToLine_fu_506.grp_wedgePatch_init_fu_398.grp_getParallelogramsAndAcceptanceCorners_fu_200,grp_straightLineProjectorFromLayerIJtoK_fu_457,,module_status44.csv
grp_solveNextColumn_fu_437.grp_solveNextPatchPair_fu_196.grp_makePatch_alignedToLine_fu_506.grp_wedgePatch_init_fu_398.grp_getParallelogramsAndAcceptanceCorners_fu_200,grp_straightLineProjectorFromLayerIJtoK_fu_470,,module_status45.csv
grp_solveNextColumn_fu_437.grp_solveNextPatchPair_fu_196.grp_makePatch_alignedToLine_fu_506.grp_wedgePatch_init_fu_398.grp_getParallelogramsAndAcceptanceCorners_fu_200,grp_straightLineProjectorFromLayerIJtoK_fu_483,,module_status46.csv
grp_solveNextColumn_fu_437.grp_solveNextPatchPair_fu_196.grp_makePatch_alignedToLine_fu_506,grp_makeSuperPoint_alignedToLine11_fu_407,,module_status47.csv
grp_solveNextColumn_fu_437.grp_solveNextPatchPair_fu_196.grp_makePatch_alignedToLine_fu_506.grp_makeSuperPoint_alignedToLine11_fu_407,grp_mSP_findLRBounds_fu_261,,module_status48.csv
grp_solveNextColumn_fu_437.grp_solveNextPatchPair_fu_196.grp_makePatch_alignedToLine_fu_506.grp_makeSuperPoint_alignedToLine11_fu_407,grp_mSP_findStartIndex_fu_270,,module_status49.csv
grp_solveNextColumn_fu_437.grp_solveNextPatchPair_fu_196.grp_makePatch_alignedToLine_fu_506,grp_add_patch9_fu_426,,module_status50.csv
grp_solveNextColumn_fu_437.grp_solveNextPatchPair_fu_196.grp_makePatch_alignedToLine_fu_506.grp_add_patch9_fu_426,grp_add_patch_patches_parameters13_fu_462,,module_status51.csv
grp_solveNextColumn_fu_437.grp_solveNextPatchPair_fu_196.grp_makePatch_alignedToLine_fu_506.grp_add_patch9_fu_426,grp_encodeCoordinates_fu_470,,module_status52.csv
grp_solveNextColumn_fu_437.grp_solveNextPatchPair_fu_196,grp_straightLineProjectorFromLayerIJtoK_fu_537,,module_status53.csv
grp_solveNextColumn_fu_437.grp_solveNextPatchPair_fu_196,grp_getSolveNextPatchPairWhileCondition_fu_551,,module_status54.csv
grp_solveNextColumn_fu_437.grp_solveNextPatchPair_fu_196,grp_areWedgeSuperPointsEqual_fu_567,,module_status55.csv
grp_solveNextColumn_fu_437.grp_solveNextPatchPair_fu_196,grp_straightLineProjectorFromLayerIJtoK_fu_1072,,module_status56.csv
grp_solveNextColumn_fu_437,grp_straightLineProjectorFromLayerIJtoK_fu_228,,module_status57.csv
grp_solveNextColumn_fu_437,tmp_getSolveNextColumnWhileConditional_fu_244,,module_status58.csv
,grp_initializeArrays_fu_459,,module_status59.csv
