,AESL_inst_makePatches_ShadowQuilt_fromEdges,,module_status1.csv
,grp_solveNextPatchPair_fu_293,,module_status2.csv
grp_solveNextPatchPair_fu_293,grp_makeThirdPatch_fu_1575,,module_status3.csv
grp_solveNextPatchPair_fu_293.grp_makeThirdPatch_fu_1575,grp_makePatch_alignedToLine_1_fu_654,,module_status4.csv
grp_solveNextPatchPair_fu_293.grp_makeThirdPatch_fu_1575.grp_makePatch_alignedToLine_1_fu_654,grp_makeSuperPoint_alignedToLine_fu_1095,,module_status5.csv
grp_solveNextPatchPair_fu_293.grp_makeThirdPatch_fu_1575.grp_makePatch_alignedToLine_1_fu_654,grp_add_patch_111_fu_1122,,module_status6.csv
grp_solveNextPatchPair_fu_293.grp_makeThirdPatch_fu_1575.grp_makePatch_alignedToLine_1_fu_654,grp_straightLineProjectorFromLayerIJtoK_fu_1216,,module_status7.csv
grp_solveNextPatchPair_fu_293.grp_makeThirdPatch_fu_1575.grp_makePatch_alignedToLine_1_fu_654,grp_straightLineProjectorFromLayerIJtoK_fu_1230,,module_status8.csv
grp_solveNextPatchPair_fu_293.grp_makeThirdPatch_fu_1575.grp_makePatch_alignedToLine_1_fu_654,grp_get_acceptanceCorners_fu_1244,,module_status9.csv
grp_solveNextPatchPair_fu_293.grp_makeThirdPatch_fu_1575,grp_getShadows_fu_755,,module_status10.csv
grp_solveNextPatchPair_fu_293.grp_makeThirdPatch_fu_1575.grp_getShadows_fu_755,grp_straightLineProjectorFromLayerIJtoK_fu_298,,module_status11.csv
grp_solveNextPatchPair_fu_293.grp_makeThirdPatch_fu_1575.grp_getShadows_fu_755,grp_straightLineProjectorFromLayerIJtoK_fu_312,,module_status12.csv
grp_solveNextPatchPair_fu_293.grp_makeThirdPatch_fu_1575.grp_getShadows_fu_755,grp_straightLineProjectorFromLayerIJtoK_fu_326,,module_status13.csv
grp_solveNextPatchPair_fu_293.grp_makeThirdPatch_fu_1575.grp_getShadows_fu_755,grp_straightLineProjectorFromLayerIJtoK_fu_340,,module_status14.csv
grp_solveNextPatchPair_fu_293.grp_makeThirdPatch_fu_1575,grp_delete_patch_1_fu_868,,module_status15.csv
grp_solveNextPatchPair_fu_293,grp_solveComplmentaryPatch_fu_1680,,module_status16.csv
grp_solveNextPatchPair_fu_293.grp_solveComplmentaryPatch_fu_1680,grp_makePatch_alignedToLine_2_fu_965,,module_status17.csv
grp_solveNextPatchPair_fu_293.grp_solveComplmentaryPatch_fu_1680.grp_makePatch_alignedToLine_2_fu_965,grp_makeSuperPoint_alignedToLine_fu_1085,,module_status18.csv
grp_solveNextPatchPair_fu_293.grp_solveComplmentaryPatch_fu_1680.grp_makePatch_alignedToLine_2_fu_965,grp_add_patch_214_fu_1113,,module_status19.csv
grp_solveNextPatchPair_fu_293.grp_solveComplmentaryPatch_fu_1680.grp_makePatch_alignedToLine_2_fu_965,grp_straightLineProjectorFromLayerIJtoK_fu_1207,,module_status20.csv
grp_solveNextPatchPair_fu_293.grp_solveComplmentaryPatch_fu_1680.grp_makePatch_alignedToLine_2_fu_965,grp_straightLineProjectorFromLayerIJtoK_fu_1221,,module_status21.csv
grp_solveNextPatchPair_fu_293.grp_solveComplmentaryPatch_fu_1680.grp_makePatch_alignedToLine_2_fu_965,grp_get_acceptanceCorners_fu_1235,,module_status22.csv
grp_solveNextPatchPair_fu_293.grp_solveComplmentaryPatch_fu_1680,grp_delete_patch_fu_1064,,module_status23.csv
grp_solveNextPatchPair_fu_293.grp_solveComplmentaryPatch_fu_1680,grp_get_index_from_z_fu_1146,,module_status24.csv
grp_solveNextPatchPair_fu_293.grp_solveComplmentaryPatch_fu_1680,grp_areWedgeSuperPointsEqual_1_fu_1176,,module_status25.csv
grp_solveNextPatchPair_fu_293.grp_solveComplmentaryPatch_fu_1680,grp_areWedgeSuperPointsEqual_fu_1247,,module_status26.csv
grp_solveNextPatchPair_fu_293,grp_makePatch_alignedToLine_1_fu_1792,,module_status27.csv
grp_solveNextPatchPair_fu_293.grp_makePatch_alignedToLine_1_fu_1792,grp_makeSuperPoint_alignedToLine_fu_1095,,module_status28.csv
grp_solveNextPatchPair_fu_293.grp_makePatch_alignedToLine_1_fu_1792,grp_add_patch_111_fu_1122,,module_status29.csv
grp_solveNextPatchPair_fu_293.grp_makePatch_alignedToLine_1_fu_1792,grp_straightLineProjectorFromLayerIJtoK_fu_1216,,module_status30.csv
grp_solveNextPatchPair_fu_293.grp_makePatch_alignedToLine_1_fu_1792,grp_straightLineProjectorFromLayerIJtoK_fu_1230,,module_status31.csv
grp_solveNextPatchPair_fu_293.grp_makePatch_alignedToLine_1_fu_1792,grp_get_acceptanceCorners_fu_1244,,module_status32.csv
grp_solveNextPatchPair_fu_293,grp_makePatch_alignedToLine_fu_1895,,module_status33.csv
grp_solveNextPatchPair_fu_293.grp_makePatch_alignedToLine_fu_1895,grp_makeSuperPoint_alignedToLine_fu_1085,,module_status34.csv
grp_solveNextPatchPair_fu_293.grp_makePatch_alignedToLine_fu_1895,grp_add_patch8_fu_1113,,module_status35.csv
grp_solveNextPatchPair_fu_293.grp_makePatch_alignedToLine_fu_1895,grp_get_acceptanceCorners_fu_1235,,module_status36.csv
grp_solveNextPatchPair_fu_293,grp_straightLineProjectorFromLayerIJtoK_fu_1997,,module_status37.csv
grp_solveNextPatchPair_fu_293,grp_areWedgeSuperPointsEqual_1_fu_2013,,module_status38.csv
grp_solveNextPatchPair_fu_293,grp_areWedgeSuperPointsEqual_fu_2086,,module_status39.csv
grp_solveNextPatchPair_fu_293,grp_straightLineProjectorFromLayerIJtoK_fu_3707,,module_status40.csv
grp_solveNextPatchPair_fu_293,grp_straightLineProjectorFromLayerIJtoK_fu_3722,,module_status41.csv
